almonds,,
antioxydant juice,,
avocado,,
bacon,,
barbecue sauce,,
black tea,,
blueberries,,
body spray,,
brownies,,
bug spray,,
burger sauce,,
burgers,,
butter,,
cake,,
candy bars,,
carrots,,
cereals,,
champagne,,
chicken,,
chili,,
chocolate,,
cider,,
clothes accessories,,
cookies,,
cooking oil,,
cottage cheese,,
eggplant,,
eggs,,
energy bar,,
energy drink,,
escalope,,
extra dark chocolate,,
flax seed,,
french fries,,
french wine,,
fresh bread,,
fresh tuna,,
fromage blanc,,
frozen smoothie,,
frozen vegetables,,
gluten free bar,,
grated cheese,,
green beans,,
green grapes,,
green tea,,
ground beef,,
gums,,
ham,,
hand protein bar,,
herb & pepper,,
honey,,
hot dogs,,
light cream,,
light mayo,,
low fat yogurt,,
magazines,,
mayonnaise,,
meatballs,,
melons,,
milk,,
mineral water,,
mint,,
mint green tea,,
muffins,,
mushroom cream sauce,,
nonfat milk,,
oil,,
olive oil,,
pancakes,,
parmesan cheese,,
pasta,,
pepper,,
pet food,,
pickles,,
protein bar,,
red wine,,
rice,,
salmon,,
salt,,
shallot,,
shrimp,,
soda,,
soup,,
spaghetti,,
sparkling water,,
spinach,,
strawberries,,
strong cheese,,
tomato juice,,
tomato sauce,,
tomatoes,,
toothpaste,,
turkey,,
vegetables mix,,
white wine,,
whole weat flour,,
whole wheat pasta,,
whole wheat rice,,
yams,,
yogurt cake,,
zucchini,,
almonds,burgers,
chocolate,almonds,
almonds,eggs,
green tea,almonds,
milk,almonds,
mineral water,almonds,
almonds,spaghetti,
chocolate,avocado,
eggs,avocado,
french fries,avocado,
frozen smoothie,avocado,
green tea,avocado,
milk,avocado,
mineral water,avocado,
spaghetti,avocado,
mineral water,black tea,
brownies,cake,
eggs,brownies,
french fries,brownies,
green tea,brownies,
milk,brownies,
mineral water,brownies,
pancakes,brownies,
spaghetti,brownies,
burgers,cake,
chicken,burgers,
chocolate,burgers,
cookies,burgers,
cooking oil,burgers,
eggs,burgers,
escalope,burgers,
french fries,burgers,
frozen smoothie,burgers,
frozen vegetables,burgers,
grated cheese,burgers,
green tea,burgers,
ground beef,burgers,
ham,burgers,
honey,burgers,
low fat yogurt,burgers,
milk,burgers,
mineral water,burgers,
olive oil,burgers,
pancakes,burgers,
shrimp,burgers,
soup,burgers,
spaghetti,burgers,
burgers,tomatoes,
burgers,turkey,
burgers,whole wheat rice,
chocolate,butter,
butter,eggs,
butter,french fries,
green tea,butter,
milk,butter,
spaghetti,butter,
chicken,cake,
chocolate,cake,
eggs,cake,
french fries,cake,
frozen smoothie,cake,
frozen vegetables,cake,
green tea,cake,
ground beef,cake,
low fat yogurt,cake,
milk,cake,
mineral water,cake,
olive oil,cake,
pancakes,cake,
shrimp,cake,
soup,cake,
spaghetti,cake,
tomatoes,cake,
turkey,cake,
whole wheat rice,cake,
mineral water,carrots,
chocolate,cereals,
green tea,cereals,
milk,cereals,
mineral water,cereals,
spaghetti,cereals,
chocolate,champagne,
eggs,champagne,
french fries,champagne,
green tea,champagne,
milk,champagne,
mineral water,champagne,
pancakes,champagne,
spaghetti,champagne,
chocolate,chicken,
cooking oil,chicken,
eggs,chicken,
french fries,chicken,
fresh bread,chicken,
frozen smoothie,chicken,
frozen vegetables,chicken,
green tea,chicken,
ground beef,chicken,
milk,chicken,
mineral water,chicken,
olive oil,chicken,
pancakes,chicken,
shrimp,chicken,
soup,chicken,
spaghetti,chicken,
chicken,tomatoes,
chicken,whole wheat rice,
chocolate,cookies,
chocolate,cooking oil,
chocolate,eggs,
chocolate,escalope,
chocolate,french fries,
chocolate,french wine,
chocolate,fresh bread,
chocolate,frozen smoothie,
chocolate,frozen vegetables,
chocolate,grated cheese,
chocolate,green tea,
chocolate,ground beef,
chocolate,ham,
chocolate,herb & pepper,
chocolate,honey,
chocolate,hot dogs,
chocolate,light mayo,
chocolate,low fat yogurt,
chocolate,milk,
chocolate,mineral water,
chocolate,oil,
chocolate,olive oil,
chocolate,pancakes,
chocolate,pepper,
chocolate,rice,
chocolate,salmon,
chocolate,shrimp,
chocolate,soup,
chocolate,spaghetti,
chocolate,tomato juice,
chocolate,tomato sauce,
chocolate,tomatoes,
chocolate,turkey,
chocolate,whole wheat pasta,
chocolate,whole wheat rice,
cookies,eggs,
cookies,french fries,
cookies,green tea,
cookies,low fat yogurt,
cookies,mineral water,
cookies,pancakes,
cookies,spaghetti,
cooking oil,eggs,
cooking oil,escalope,
cooking oil,french fries,
cooking oil,frozen vegetables,
grated cheese,cooking oil,
cooking oil,green tea,
ground beef,cooking oil,
cooking oil,herb & pepper,
cooking oil,low fat yogurt,
milk,cooking oil,
cooking oil,mineral water,
cooking oil,olive oil,
cooking oil,pancakes,
cooking oil,shrimp,
cooking oil,soup,
cooking oil,spaghetti,
cooking oil,tomatoes,
cooking oil,turkey,
cooking oil,whole wheat rice,
cottage cheese,eggs,
cottage cheese,french fries,
cottage cheese,green tea,
cottage cheese,mineral water,
cottage cheese,pancakes,
cottage cheese,spaghetti,
energy bar,eggs,
escalope,eggs,
french fries,eggs,
eggs,french wine,
fresh bread,eggs,
eggs,fresh tuna,
frozen smoothie,eggs,
frozen vegetables,eggs,
grated cheese,eggs,
green tea,eggs,
ground beef,eggs,
ham,eggs,
herb & pepper,eggs,
honey,eggs,
light mayo,eggs,
low fat yogurt,eggs,
milk,eggs,
mineral water,eggs,
olive oil,eggs,
pancakes,eggs,
eggs,red wine,
eggs,salmon,
shrimp,eggs,
soup,eggs,
spaghetti,eggs,
tomato juice,eggs,
eggs,tomatoes,
eggs,turkey,
eggs,whole wheat rice,
milk,energy bar,
energy bar,mineral water,
energy drink,french fries,
energy drink,mineral water,
escalope,french fries,
escalope,frozen smoothie,
escalope,frozen vegetables,
green tea,escalope,
ground beef,escalope,
milk,escalope,
mineral water,escalope,
mushroom cream sauce,escalope,
escalope,pancakes,
escalope,pasta,
spaghetti,escalope,
escalope,tomatoes,
escalope,whole wheat rice,
mineral water,extra dark chocolate,
fresh bread,french fries,
frozen smoothie,french fries,
frozen vegetables,french fries,
grated cheese,french fries,
green tea,french fries,
ground beef,french fries,
ham,french fries,
herb & pepper,french fries,
honey,french fries,
hot dogs,french fries,
light mayo,french fries,
low fat yogurt,french fries,
milk,french fries,
mineral water,french fries,
muffins,french fries,
olive oil,french fries,
pancakes,french fries,
french fries,red wine,
french fries,salmon,
shrimp,french fries,
soup,french fries,
spaghetti,french fries,
french fries,strawberries,
tomato juice,french fries,
french fries,tomatoes,
french fries,turkey,
vegetables mix,french fries,
french fries,whole wheat pasta,
french fries,whole wheat rice,
yogurt cake,french fries,
mineral water,french wine,
spaghetti,french wine,
fresh bread,frozen vegetables,
fresh bread,green tea,
ground beef,fresh bread,
milk,fresh bread,
fresh bread,mineral water,
fresh bread,olive oil,
fresh bread,pancakes,
fresh bread,shrimp,
fresh bread,spaghetti,
mineral water,fresh tuna,
pancakes,fresh tuna,
spaghetti,fresh tuna,
frozen vegetables,frozen smoothie,
green tea,frozen smoothie,
ground beef,frozen smoothie,
honey,frozen smoothie,
low fat yogurt,frozen smoothie,
milk,frozen smoothie,
mineral water,frozen smoothie,
olive oil,frozen smoothie,
pancakes,frozen smoothie,
frozen smoothie,salmon,
shrimp,frozen smoothie,
spaghetti,frozen smoothie,
frozen smoothie,tomatoes,
frozen smoothie,whole wheat rice,
grated cheese,frozen vegetables,
green tea,frozen vegetables,
ground beef,frozen vegetables,
herb & pepper,frozen vegetables,
honey,frozen vegetables,
low fat yogurt,frozen vegetables,
milk,frozen vegetables,
mineral water,frozen vegetables,
olive oil,frozen vegetables,
pancakes,frozen vegetables,
parmesan cheese,frozen vegetables,
frozen vegetables,salmon,
shrimp,frozen vegetables,
soup,frozen vegetables,
spaghetti,frozen vegetables,
frozen vegetables,tomatoes,
frozen vegetables,turkey,
frozen vegetables,whole wheat rice,
grated cheese,green tea,
grated cheese,ground beef,
grated cheese,herb & pepper,
grated cheese,low fat yogurt,
grated cheese,milk,
grated cheese,mineral water,
grated cheese,olive oil,
grated cheese,pancakes,
grated cheese,salmon,
grated cheese,spaghetti,
ground beef,green tea,
green tea,herb & pepper,
green tea,honey,
green tea,hot dogs,
green tea,low fat yogurt,
milk,green tea,
green tea,mineral water,
green tea,olive oil,
green tea,pancakes,
green tea,pepper,
green tea,salmon,
green tea,shrimp,
green tea,soup,
green tea,spaghetti,
green tea,tomato juice,
green tea,tomatoes,
green tea,turkey,
green tea,vegetables mix,
green tea,whole wheat pasta,
green tea,whole wheat rice,
ground beef,herb & pepper,
ground beef,honey,
ground beef,low fat yogurt,
ground beef,milk,
ground beef,mineral water,
ground beef,olive oil,
ground beef,pancakes,
ground beef,pepper,
ground beef,salmon,
ground beef,shrimp,
ground beef,soup,
ground beef,spaghetti,
ground beef,tomato sauce,
ground beef,tomatoes,
ground beef,turkey,
ground beef,whole wheat rice,
mineral water,ham,
spaghetti,ham,
low fat yogurt,herb & pepper,
milk,herb & pepper,
mineral water,herb & pepper,
olive oil,herb & pepper,
herb & pepper,pancakes,
shrimp,herb & pepper,
spaghetti,herb & pepper,
milk,honey,
mineral water,honey,
honey,pancakes,
honey,spaghetti,
honey,tomatoes,
honey,turkey,
mineral water,hot dogs,
spaghetti,hot dogs,
light cream,mineral water,
light cream,spaghetti,
light mayo,mineral water,
light mayo,pancakes,
milk,low fat yogurt,
mineral water,low fat yogurt,
olive oil,low fat yogurt,
low fat yogurt,pancakes,
shrimp,low fat yogurt,
soup,low fat yogurt,
spaghetti,low fat yogurt,
low fat yogurt,tomatoes,
low fat yogurt,turkey,
low fat yogurt,whole wheat rice,
milk,meatballs,
mineral water,meatballs,
spaghetti,meatballs,
milk,mineral water,
milk,olive oil,
milk,pancakes,
milk,pepper,
milk,salmon,
milk,shrimp,
milk,soup,
milk,spaghetti,
milk,tomato juice,
milk,tomatoes,
milk,turkey,
milk,whole wheat pasta,
milk,whole wheat rice,
mint,mineral water,
mineral water,nonfat milk,
mineral water,oil,
mineral water,olive oil,
mineral water,pancakes,
mineral water,pepper,
mineral water,protein bar,
mineral water,red wine,
mineral water,rice,
mineral water,salmon,
mineral water,shrimp,
mineral water,soup,
mineral water,spaghetti,
mineral water,strawberries,
mineral water,tomato juice,
tomato sauce,mineral water,
mineral water,tomatoes,
mineral water,turkey,
mineral water,vegetables mix,
mineral water,whole wheat pasta,
mineral water,whole wheat rice,
mineral water,yogurt cake,
spaghetti,oil,
olive oil,pancakes,
olive oil,salmon,
shrimp,olive oil,
soup,olive oil,
spaghetti,olive oil,
olive oil,tomatoes,
olive oil,turkey,
olive oil,whole wheat pasta,
shrimp,pancakes,
soup,pancakes,
spaghetti,pancakes,
pancakes,tomatoes,
pancakes,turkey,
pancakes,whole wheat rice,
parmesan cheese,spaghetti,
shrimp,pasta,
spaghetti,pepper,
protein bar,spaghetti,
spaghetti,red wine,
spaghetti,rice,
spaghetti,salmon,
shrimp,soup,
shrimp,spaghetti,
shrimp,tomatoes,
shrimp,turkey,
shrimp,whole wheat rice,
soup,spaghetti,
soup,tomatoes,
spaghetti,tomato juice,
tomato sauce,spaghetti,
spaghetti,tomatoes,
spaghetti,turkey,
spaghetti,vegetables mix,
spaghetti,whole wheat pasta,
spaghetti,whole wheat rice,
tomatoes,turkey,
tomatoes,whole wheat rice,
whole wheat rice,turkey,
chocolate,eggs,burgers
chocolate,milk,burgers
chocolate,mineral water,burgers
chocolate,spaghetti,burgers
french fries,eggs,burgers
green tea,eggs,burgers
milk,eggs,burgers
mineral water,eggs,burgers
spaghetti,eggs,burgers
french fries,burgers,green tea
milk,french fries,burgers
french fries,mineral water,burgers
french fries,spaghetti,burgers
ground beef,mineral water,burgers
ground beef,spaghetti,burgers
milk,mineral water,burgers
milk,spaghetti,burgers
mineral water,spaghetti,burgers
chocolate,mineral water,cake
chocolate,spaghetti,cake
mineral water,eggs,cake
mineral water,french fries,cake
milk,mineral water,cake
mineral water,spaghetti,cake
chocolate,mineral water,chicken
mineral water,eggs,chicken
milk,mineral water,chicken
milk,spaghetti,chicken
mineral water,spaghetti,chicken
chocolate,cooking oil,mineral water
chocolate,french fries,eggs
chocolate,frozen vegetables,eggs
chocolate,green tea,eggs
chocolate,eggs,ground beef
chocolate,milk,eggs
chocolate,mineral water,eggs
chocolate,pancakes,eggs
chocolate,spaghetti,eggs
chocolate,escalope,french fries
chocolate,mineral water,escalope
chocolate,frozen vegetables,french fries
chocolate,green tea,french fries
chocolate,milk,french fries
chocolate,mineral water,french fries
chocolate,pancakes,french fries
chocolate,spaghetti,french fries
chocolate,mineral water,frozen smoothie
chocolate,frozen vegetables,ground beef
chocolate,milk,frozen vegetables
chocolate,mineral water,frozen vegetables
chocolate,shrimp,frozen vegetables
chocolate,spaghetti,frozen vegetables
chocolate,green tea,mineral water
chocolate,green tea,spaghetti
chocolate,milk,ground beef
chocolate,mineral water,ground beef
chocolate,spaghetti,ground beef
chocolate,mineral water,low fat yogurt
chocolate,milk,mineral water
chocolate,milk,olive oil
chocolate,milk,shrimp
chocolate,milk,spaghetti
chocolate,mineral water,olive oil
chocolate,mineral water,pancakes
chocolate,mineral water,shrimp
chocolate,mineral water,soup
chocolate,mineral water,spaghetti
chocolate,mineral water,tomatoes
chocolate,spaghetti,olive oil
chocolate,spaghetti,pancakes
chocolate,shrimp,spaghetti
cooking oil,mineral water,eggs
cooking oil,mineral water,spaghetti
french fries,frozen vegetables,eggs
french fries,eggs,green tea
milk,french fries,eggs
french fries,mineral water,eggs
french fries,spaghetti,eggs
milk,frozen vegetables,eggs
mineral water,frozen vegetables,eggs
spaghetti,frozen vegetables,eggs
green tea,mineral water,eggs
green tea,spaghetti,eggs
ground beef,milk,eggs
ground beef,mineral water,eggs
ground beef,spaghetti,eggs
mineral water,herb & pepper,eggs
mineral water,low fat yogurt,eggs
milk,mineral water,eggs
milk,spaghetti,eggs
mineral water,olive oil,eggs
mineral water,pancakes,eggs
mineral water,eggs,shrimp
mineral water,spaghetti,eggs
mineral water,eggs,tomatoes
mineral water,eggs,turkey
spaghetti,olive oil,eggs
spaghetti,pancakes,eggs
spaghetti,eggs,turkey
milk,frozen vegetables,french fries
mineral water,frozen vegetables,french fries
spaghetti,frozen vegetables,french fries
green tea,mineral water,french fries
green tea,spaghetti,french fries
ground beef,mineral water,french fries
ground beef,spaghetti,french fries
milk,mineral water,french fries
milk,spaghetti,french fries
mineral water,pancakes,french fries
mineral water,spaghetti,french fries
spaghetti,pancakes,french fries
milk,mineral water,frozen smoothie
milk,spaghetti,frozen smoothie
mineral water,spaghetti,frozen smoothie
ground beef,milk,frozen vegetables
ground beef,mineral water,frozen vegetables
ground beef,spaghetti,frozen vegetables
milk,mineral water,frozen vegetables
milk,spaghetti,frozen vegetables
mineral water,olive oil,frozen vegetables
mineral water,pancakes,frozen vegetables
mineral water,frozen vegetables,shrimp
soup,mineral water,frozen vegetables
mineral water,spaghetti,frozen vegetables
mineral water,frozen vegetables,tomatoes
spaghetti,olive oil,frozen vegetables
shrimp,spaghetti,frozen vegetables
spaghetti,frozen vegetables,tomatoes
grated cheese,mineral water,ground beef
grated cheese,spaghetti,ground beef
grated cheese,mineral water,spaghetti
ground beef,green tea,mineral water
ground beef,green tea,spaghetti
milk,green tea,mineral water
milk,green tea,spaghetti
green tea,mineral water,pancakes
green tea,mineral water,spaghetti
ground beef,mineral water,herb & pepper
ground beef,spaghetti,herb & pepper
ground beef,milk,mineral water
ground beef,milk,spaghetti
ground beef,mineral water,olive oil
ground beef,mineral water,pancakes
ground beef,mineral water,shrimp
ground beef,mineral water,soup
ground beef,mineral water,spaghetti
ground beef,mineral water,tomatoes
ground beef,spaghetti,olive oil
ground beef,spaghetti,pancakes
ground beef,shrimp,spaghetti
ground beef,spaghetti,tomatoes
spaghetti,mineral water,herb & pepper
spaghetti,mineral water,low fat yogurt
milk,mineral water,olive oil
milk,mineral water,pancakes
milk,mineral water,shrimp
milk,mineral water,soup
milk,mineral water,spaghetti
milk,mineral water,tomatoes
milk,mineral water,turkey
milk,mineral water,whole wheat rice
milk,spaghetti,olive oil
milk,spaghetti,tomatoes
mineral water,olive oil,soup
spaghetti,mineral water,olive oil
mineral water,spaghetti,pancakes
mineral water,spaghetti,salmon
mineral water,spaghetti,shrimp
mineral water,spaghetti,soup
mineral water,spaghetti,tomatoes
mineral water,spaghetti,turkey
mineral water,spaghetti,whole wheat rice
spaghetti,olive oil,pancakes
